function_id,function_name,domain,requirement_id,backlog_id,function_type,screen_ids,api_ids,primary_entities,design_status,implementation_status
BFD-01-01-01-01,사용자 조회,system,REQ-SYS-001,PB-002,QUERY,SYS-001,API-SYS-USER-001,사용자,DESIGN_IN_PROGRESS,NOT_STARTED
BFD-01-01-01-02,사용자 등록,system,REQ-SYS-001,PB-002,COMMAND,SYS-001,API-SYS-USER-002;API-SYS-USER-003,사용자,DESIGN_IN_PROGRESS,NOT_STARTED
BFD-01-01-01-03,사용자 수정,system,REQ-SYS-001,PB-002,COMMAND,SYS-001,,사용자,DESIGN_PENDING,NOT_STARTED
BFD-01-01-01-04,사용자 사용중지,system,REQ-SYS-001,PB-002,COMMAND,SYS-001,,사용자,DESIGN_PENDING,NOT_STARTED
BFD-01-01-02-01,비밀번호 초기화,system,REQ-SYS-001,PB-002,COMMAND,SYS-001,,사용자,DESIGN_PENDING,NOT_STARTED
BFD-01-01-02-02,비밀번호 변경,system,REQ-SYS-001,PB-002,COMMAND,SYS-001,,사용자,DESIGN_PENDING,NOT_STARTED
BFD-01-01-03-01,계정 활성화,system,REQ-SYS-001,PB-002,COMMAND,SYS-001,,사용자,DESIGN_PENDING,NOT_STARTED
BFD-01-01-03-02,계정 비활성화,system,REQ-SYS-001,PB-002,COMMAND,SYS-001,,사용자,DESIGN_PENDING,NOT_STARTED
BFD-01-01-03-03,로그인실패 비활성 해제,system,REQ-SYS-001,PB-002,COMMAND,SYS-001,,사용자,DESIGN_PENDING,NOT_STARTED
BFD-01-02-01-01,역할 조회,system,REQ-SYS-002,PB-018,QUERY,SYS-002,,역할;사용자역할;역할메뉴권한,DESIGN_PENDING,NOT_STARTED
BFD-01-02-01-02,역할 등록,system,REQ-SYS-002,PB-018,COMMAND,SYS-002,,역할;사용자역할;역할메뉴권한,DESIGN_PENDING,NOT_STARTED
BFD-01-02-01-03,역할 수정,system,REQ-SYS-002,PB-018,COMMAND,SYS-002,,역할;사용자역할;역할메뉴권한,DESIGN_PENDING,NOT_STARTED
BFD-01-02-01-04,역할 삭제처리,system,REQ-SYS-002,PB-018,COMMAND,SYS-002,,역할;사용자역할;역할메뉴권한,DESIGN_PENDING,NOT_STARTED
BFD-01-02-02-01,메뉴권한 조회,system,REQ-SYS-002,PB-018,QUERY,SYS-002,,역할;사용자역할;역할메뉴권한,DESIGN_PENDING,NOT_STARTED
BFD-01-02-02-02,메뉴권한 저장,system,REQ-SYS-002,PB-018,COMMAND,SYS-002,,역할;사용자역할;역할메뉴권한,DESIGN_PENDING,NOT_STARTED
BFD-01-02-03-01,역할 사용자 조회,system,REQ-SYS-002,PB-018,QUERY,SYS-002,,역할;사용자역할;역할메뉴권한,DESIGN_PENDING,NOT_STARTED
BFD-01-02-03-02,역할 사용자 추가,system,REQ-SYS-002,PB-018,COMMAND,SYS-002,,역할;사용자역할;역할메뉴권한,DESIGN_PENDING,NOT_STARTED
BFD-01-02-03-03,역할 사용자 제외,system,REQ-SYS-002,PB-018,COMMAND,SYS-002,,역할;사용자역할;역할메뉴권한,DESIGN_PENDING,NOT_STARTED
BFD-01-03-01-01,메뉴 조회,system,REQ-SYS-003,PB-019,QUERY,SYS-003,,메뉴,DESIGN_PENDING,NOT_STARTED
BFD-01-03-01-02,메뉴 등록,system,REQ-SYS-003,PB-019,COMMAND,SYS-003,,메뉴,DESIGN_PENDING,NOT_STARTED
BFD-01-03-01-03,메뉴 수정,system,REQ-SYS-003,PB-019,COMMAND,SYS-003,,메뉴,DESIGN_PENDING,NOT_STARTED
BFD-01-03-01-04,메뉴 삭제,system,REQ-SYS-003,PB-019,COMMAND,SYS-003,,메뉴,DESIGN_PENDING,NOT_STARTED
BFD-01-03-01-05,메뉴 순서 변경,system,REQ-SYS-003,PB-019,COMMAND,SYS-003,,메뉴,DESIGN_PENDING,NOT_STARTED
BFD-01-04-01-01,코드그룹 조회,system,REQ-SYS-004,PB-020,QUERY,SYS-004,,코드그룹,DESIGN_PENDING,NOT_STARTED
BFD-01-04-01-02,코드그룹 등록,system,REQ-SYS-004,PB-020,COMMAND,SYS-004,,코드그룹,DESIGN_PENDING,NOT_STARTED
BFD-01-04-01-03,코드그룹 수정,system,REQ-SYS-004,PB-020,COMMAND,SYS-004,,코드그룹,DESIGN_PENDING,NOT_STARTED
BFD-01-04-01-04,코드그룹 삭제,system,REQ-SYS-004,PB-020,COMMAND,SYS-004,,코드그룹,DESIGN_PENDING,NOT_STARTED
BFD-01-04-02-01,공통코드 조회,system,REQ-SYS-004,PB-020,QUERY,SYS-004,,공통코드;코드그룹,DESIGN_PENDING,NOT_STARTED
BFD-01-04-02-02,공통코드 등록,system,REQ-SYS-004,PB-020,COMMAND,SYS-004,,공통코드;코드그룹,DESIGN_PENDING,NOT_STARTED
BFD-01-04-02-03,공통코드 수정,system,REQ-SYS-004,PB-020,COMMAND,SYS-004,,공통코드;코드그룹,DESIGN_PENDING,NOT_STARTED
BFD-01-04-02-04,공통코드 삭제,system,REQ-SYS-004,PB-020,COMMAND,SYS-004,,공통코드;코드그룹,DESIGN_PENDING,NOT_STARTED
BFD-01-05-01-01,조직 조회,system,REQ-SYS-005,PB-021,QUERY,SYS-005,,조직,DESIGN_PENDING,NOT_STARTED
BFD-01-05-01-02,조직 등록,system,REQ-SYS-005,PB-021,COMMAND,SYS-005,,조직,DESIGN_PENDING,NOT_STARTED
BFD-01-05-01-03,조직 수정,system,REQ-SYS-005,PB-021,COMMAND,SYS-005,,조직,DESIGN_PENDING,NOT_STARTED
BFD-01-05-01-04,조직 삭제,system,REQ-SYS-005,PB-021,COMMAND,SYS-005,,조직,DESIGN_PENDING,NOT_STARTED
BFD-01-06-01-01,환경설정 조회,system,REQ-SYS-008,,QUERY,SYS-006,,시스템설정,DEFERRED,NOT_STARTED
BFD-01-06-01-02,환경설정 저장,system,REQ-SYS-008,,COMMAND,SYS-006,,시스템설정,DEFERRED,NOT_STARTED
BFD-01-06-02-01,외부연계 설정 조회,system,REQ-SYS-006,,QUERY,SYS-006,,외부시스템연계설정,DEFERRED,NOT_STARTED
BFD-01-06-02-02,외부연계 설정 저장,system,REQ-SYS-006,,COMMAND,SYS-006,,외부시스템연계설정,DEFERRED,NOT_STARTED
BFD-01-07-01-01,로그인 이력 조회,system,REQ-SYS-009,,QUERY,SYS-007,,접속로그,DEFERRED,NOT_STARTED
BFD-01-07-01-02,접속이력 상세조회,system,REQ-SYS-009,,QUERY,SYS-007,,접속로그,DEFERRED,NOT_STARTED
BFD-01-07-02-01,시스템로그 조회,system,REQ-SYS-009,,QUERY,SYS-007,,시스템로그,DEFERRED,NOT_STARTED
BFD-01-07-02-02,시스템로그 상세조회,system,REQ-SYS-009,,QUERY,SYS-007,,시스템로그,DEFERRED,NOT_STARTED
BFD-01-07-03-01,외부연계 호출로그 조회,system,REQ-SYS-007,,QUERY,SYS-007,,API호출로그,DEFERRED,NOT_STARTED
BFD-01-07-03-02,외부연계 호출로그 상세조회,system,REQ-SYS-007,,QUERY,SYS-007,,API호출로그,DEFERRED,NOT_STARTED
BFD-01-08-01-01,공지사항 조회,system,REQ-SYS-010,,QUERY,SYS-008,,공지사항,DEFERRED,NOT_STARTED
BFD-01-08-01-02,공지사항 등록,system,REQ-SYS-010,,COMMAND,SYS-008,,공지사항,DEFERRED,NOT_STARTED
BFD-01-08-01-03,공지사항 수정,system,REQ-SYS-010,,COMMAND,SYS-008,,공지사항,DEFERRED,NOT_STARTED
BFD-01-08-01-04,공지사항 삭제,system,REQ-SYS-010,,COMMAND,SYS-008,,공지사항,DEFERRED,NOT_STARTED
BFD-02-01-01-01,일반 사용자 대시보드 조회,common,REQ-COM-001,PB-007,QUERY,COM-005,,,DESIGN_PENDING,NOT_STARTED
BFD-02-02-01-01,알림 조회,common,REQ-COM-003,PB-010,QUERY,,,알림,DEFERRED,NOT_STARTED
BFD-02-02-01-02,알림 읽음 처리,common,REQ-COM-003,PB-010,COMMAND,,,알림,DEFERRED,NOT_STARTED
BFD-02-03-01-01,첨부파일 등록,common,REQ-COM-002,PB-012,COMMAND,,,업무대상;첨부파일,DEFERRED,NOT_STARTED
BFD-02-03-01-02,첨부파일 조회,common,REQ-COM-002,PB-012,QUERY,,,업무대상;첨부파일,DEFERRED,NOT_STARTED
BFD-02-03-01-03,첨부파일 다운로드,common,REQ-COM-002,PB-012,QUERY,,,업무대상;첨부파일,DEFERRED,NOT_STARTED
BFD-02-03-01-04,첨부파일 삭제,common,REQ-COM-002,PB-012,COMMAND,,,업무대상;첨부파일,DEFERRED,NOT_STARTED
BFD-02-03-02-01,업무대상별 첨부파일 연결,common,REQ-COM-002,PB-012,COMMAND,,,업무대상;첨부파일,DEFERRED,NOT_STARTED
BFD-02-03-02-02,업무대상별 첨부파일 조회,common,REQ-COM-002,PB-012,QUERY,,,업무대상;첨부파일,DEFERRED,NOT_STARTED
BFD-02-04-01-01,메모 조회,common,REQ-COM-004,PB-011,QUERY,,,업무대상;메모,DEFERRED,NOT_STARTED
BFD-02-04-01-02,메모 등록,common,REQ-COM-004,PB-011,COMMAND,,,업무대상;메모,DEFERRED,NOT_STARTED
BFD-02-04-01-03,메모 수정,common,REQ-COM-004,PB-011,COMMAND,,,업무대상;메모,DEFERRED,NOT_STARTED
BFD-02-04-01-04,메모 삭제,common,REQ-COM-004,PB-011,COMMAND,,,업무대상;메모,DEFERRED,NOT_STARTED
BFD-02-05-01-01,로그인,common,REQ-COM-005,PB-001,COMMAND,COM-001,API-COM-AUTH-001;API-COM-AUTH-005,사용자;접속로그,DESIGN_IN_PROGRESS,NOT_STARTED
BFD-02-05-01-02,로그아웃,common,REQ-COM-005,PB-001,COMMAND,COM-001,API-COM-AUTH-002,사용자;접속로그,DESIGN_IN_PROGRESS,NOT_STARTED
BFD-02-05-01-03,현재 사용자 조회,common,REQ-COM-005,PB-001,QUERY,COM-001,API-COM-AUTH-003;API-COM-AUTH-004,사용자;접속로그,DESIGN_IN_PROGRESS,NOT_STARTED
BFD-03-01-01-01,고객사 조회,customer,REQ-CUST-001,PB-003,QUERY,CUS-001,,고객사,DESIGN_PENDING,NOT_STARTED
BFD-03-01-01-02,고객사 등록,customer,REQ-CUST-001,PB-003,COMMAND,CUS-001,,고객사,DESIGN_PENDING,NOT_STARTED
BFD-03-01-01-03,고객사 수정,customer,REQ-CUST-001,PB-003,COMMAND,CUS-001,,고객사,DESIGN_PENDING,NOT_STARTED
BFD-03-01-01-04,고객사 삭제,customer,REQ-CUST-001,PB-003,COMMAND,CUS-001,,고객사,DESIGN_PENDING,NOT_STARTED
BFD-03-01-02-01,고객상태 변경,customer,REQ-CUST-001,PB-003,COMMAND,CUS-001,,고객사,DESIGN_PENDING,NOT_STARTED
BFD-03-01-02-02,고객사 활성화,customer,REQ-CUST-001,PB-003,COMMAND,CUS-001,,고객사,DESIGN_PENDING,NOT_STARTED
BFD-03-01-02-03,고객사 비활성화,customer,REQ-CUST-001,PB-003,COMMAND,CUS-001,,고객사,DESIGN_PENDING,NOT_STARTED
BFD-03-02-01-01,담당자 조회,customer,REQ-CUST-002,PB-022,QUERY,CUS-002,,고객담당자;고객사,DESIGN_PENDING,NOT_STARTED
BFD-03-02-01-02,담당자 등록,customer,REQ-CUST-002,PB-022,COMMAND,CUS-002,,고객담당자;고객사,DESIGN_PENDING,NOT_STARTED
BFD-03-02-01-03,담당자 수정,customer,REQ-CUST-002,PB-022,COMMAND,CUS-002,,고객담당자;고객사,DESIGN_PENDING,NOT_STARTED
BFD-03-02-01-04,담당자 삭제,customer,REQ-CUST-002,PB-022,COMMAND,CUS-002,,고객담당자;고객사,DESIGN_PENDING,NOT_STARTED
BFD-03-02-02-01,담당자 활성화,customer,REQ-CUST-002,PB-022,COMMAND,CUS-002,,고객담당자;고객사,DESIGN_PENDING,NOT_STARTED
BFD-03-02-02-02,담당자 비활성화,customer,REQ-CUST-002,PB-022,COMMAND,CUS-002,,고객담당자;고객사,DESIGN_PENDING,NOT_STARTED
BFD-03-03-01-01,영업활동 조회,customer,REQ-CUST-003,PB-023,QUERY,CUS-003,,영업활동;고객사;고객담당자,DESIGN_PENDING,NOT_STARTED
BFD-03-03-01-02,영업활동 등록,customer,REQ-CUST-003,PB-023,COMMAND,CUS-003,,영업활동;고객사;고객담당자,DESIGN_PENDING,NOT_STARTED
BFD-03-03-01-03,영업활동 수정,customer,REQ-CUST-003,PB-023,COMMAND,CUS-003,,영업활동;고객사;고객담당자,DESIGN_PENDING,NOT_STARTED
BFD-03-03-01-04,영업활동 삭제,customer,REQ-CUST-003,PB-023,COMMAND,CUS-003,,영업활동;고객사;고객담당자,DESIGN_PENDING,NOT_STARTED
BFD-04-01-01-01,사업공고 목록조회,sales,REQ-SALES-001,PB-024,QUERY,SAL-001,,사업공고;업무대상,DESIGN_PENDING,NOT_STARTED
BFD-04-01-01-02,사업공고 상세조회,sales,REQ-SALES-001,PB-024,QUERY,SAL-001,,사업공고;업무대상,DESIGN_PENDING,NOT_STARTED
BFD-04-01-01-03,사업공고 수동등록,sales,REQ-SALES-001,PB-024,COMMAND,SAL-001,,사업공고;업무대상,DESIGN_PENDING,NOT_STARTED
BFD-04-01-01-04,사업공고 수정,sales,REQ-SALES-001,PB-024,COMMAND,SAL-001,,사업공고;업무대상,DESIGN_PENDING,NOT_STARTED
BFD-04-01-01-05,원문공고 이동,sales,REQ-SALES-001,PB-025,QUERY,SAL-001,,사업공고;업무대상,DEFERRED,NOT_STARTED
BFD-04-01-01-06,재공고 등록·연결,sales,REQ-SALES-001,PB-026,COMMAND,SAL-001,,사업공고;업무대상,DEFERRED,NOT_STARTED
BFD-04-01-01-07,입찰 진행결과 확인,sales,REQ-SALES-001,PB-026,QUERY,SAL-001,,사업공고;업무대상,DEFERRED,NOT_STARTED
BFD-04-01-02-01,수집조건 조회,sales,REQ-SALES-006,PB-025,QUERY,SAL-001,,사업공고수집조건;사업공고수집대상기관;사업공고수집키워드,DEFERRED,NOT_STARTED
BFD-04-01-02-02,수집조건 등록,sales,REQ-SALES-006,PB-025,COMMAND,SAL-001,,사업공고수집조건;사업공고수집대상기관;사업공고수집키워드,DEFERRED,NOT_STARTED
BFD-04-01-02-03,수집조건 수정,sales,REQ-SALES-006,PB-025,COMMAND,SAL-001,,사업공고수집조건;사업공고수집대상기관;사업공고수집키워드,DEFERRED,NOT_STARTED
BFD-04-01-02-04,수집조건 삭제,sales,REQ-SALES-006,PB-025,COMMAND,SAL-001,,사업공고수집조건;사업공고수집대상기관;사업공고수집키워드,DEFERRED,NOT_STARTED
BFD-04-01-03-01,사업공고 정기수집,sales,REQ-SALES-007,PB-025,BATCH,SAL-001,,사업공고수집이력;사업공고수집원문;사업공고연계수신;사업공고,DEFERRED,NOT_STARTED
BFD-04-01-03-02,사업공고 즉시수집,sales,REQ-SALES-007,PB-025,BATCH,SAL-001,,사업공고수집이력;사업공고수집원문;사업공고연계수신;사업공고,DEFERRED,NOT_STARTED
BFD-04-01-03-03,원문·연계수신 저장,sales,REQ-SALES-007,PB-025,INTERFACE,SAL-001,,사업공고수집이력;사업공고수집원문;사업공고연계수신;사업공고,DEFERRED,NOT_STARTED
BFD-04-01-03-04,연계수신 검증·판정,sales,REQ-SALES-007,PB-025,INTERFACE,SAL-001,,사업공고수집이력;사업공고수집원문;사업공고연계수신;사업공고,DEFERRED,NOT_STARTED
BFD-04-01-03-05,사업공고 반영,sales,REQ-SALES-007,PB-025,INTERFACE,SAL-001,,사업공고수집이력;사업공고수집원문;사업공고연계수신;사업공고,DEFERRED,NOT_STARTED
BFD-04-01-04-01,수집공고 검토대상 조회,sales,REQ-SALES-008,PB-026,QUERY,SAL-001,,사업공고,DEFERRED,NOT_STARTED
BFD-04-01-04-02,관심상태 변경,sales,REQ-SALES-008,PB-026,COMMAND,SAL-001,,사업공고,DEFERRED,NOT_STARTED
BFD-04-01-04-03,사용자 보완정보 저장,sales,REQ-SALES-008,PB-026,COMMAND,SAL-001,,사업공고,DEFERRED,NOT_STARTED
BFD-04-01-04-04,외부변경 확인,sales,REQ-SALES-008,PB-026,INTERFACE,SAL-001,,사업공고,DEFERRED,NOT_STARTED
BFD-04-01-05-01,전환대상 확인,sales,REQ-SALES-009,PB-004,QUERY,SAL-001,,사업공고;사업공고영업기회연계;영업기회,DEFERRED,NOT_STARTED
BFD-04-01-05-02,영업기회 전환,sales,REQ-SALES-009,PB-004,COMMAND,SAL-001,,사업공고;사업공고영업기회연계;영업기회,DEFERRED,NOT_STARTED
BFD-04-01-05-03,중복전환 차단,sales,REQ-SALES-009,PB-004,COMMAND,SAL-001,,사업공고;사업공고영업기회연계;영업기회,DEFERRED,NOT_STARTED
BFD-04-01-05-04,재공고 영업기회 연결,sales,REQ-SALES-009,PB-004,COMMAND,SAL-001,,사업공고;사업공고영업기회연계;영업기회,DEFERRED,NOT_STARTED
BFD-04-01-06-01,수집이력 조회,sales,REQ-SALES-010,PB-026,QUERY,SAL-001,,사업공고수집이력;사업공고수집원문;사업공고연계수신,DEFERRED,NOT_STARTED
BFD-04-01-06-02,수집오류 상세조회,sales,REQ-SALES-010,PB-026,QUERY,SAL-001,,사업공고수집이력;사업공고수집원문;사업공고연계수신,DEFERRED,NOT_STARTED
BFD-04-01-06-03,수집 재처리,sales,REQ-SALES-010,PB-026,BATCH,SAL-001,,사업공고수집이력;사업공고수집원문;사업공고연계수신,DEFERRED,NOT_STARTED
BFD-04-02-01-01,영업기회 조회,sales,REQ-SALES-002,PB-004,QUERY,SAL-002,,영업기회;사업공고영업기회연계;업무대상,DESIGN_PENDING,NOT_STARTED
BFD-04-02-01-02,영업기회 등록,sales,REQ-SALES-002,PB-004,COMMAND,SAL-002,,영업기회;사업공고영업기회연계;업무대상,DESIGN_PENDING,NOT_STARTED
BFD-04-02-01-03,영업기회 수정,sales,REQ-SALES-002,PB-004,COMMAND,SAL-002,,영업기회;사업공고영업기회연계;업무대상,DESIGN_PENDING,NOT_STARTED
BFD-04-03-01-01,사업성 분석조회,sales,REQ-SALES-003,,QUERY,SAL-003,,사업성분석;영업기회,DEFERRED,NOT_STARTED
BFD-04-03-01-02,사업성 분석저장,sales,REQ-SALES-003,,COMMAND,SAL-003,,사업성분석;영업기회,DEFERRED,NOT_STARTED
BFD-04-04-01-01,제안 조회,sales,REQ-SALES-004,,QUERY,SAL-004,,제안;사업공고;업무대상,DEFERRED,NOT_STARTED
BFD-04-04-01-02,제안 등록,sales,REQ-SALES-004,,COMMAND,SAL-004,,제안;사업공고;업무대상,DEFERRED,NOT_STARTED
BFD-04-04-01-03,제안정보 수정,sales,REQ-SALES-004,,COMMAND,SAL-004,,제안;사업공고;업무대상,DEFERRED,NOT_STARTED
BFD-04-05-01-01,수주 조회,sales,REQ-SALES-005,,QUERY,SAL-005,,수주;제안,DEFERRED,NOT_STARTED
BFD-04-05-01-02,수주결과 등록,sales,REQ-SALES-005,,COMMAND,SAL-005,,수주;제안,DEFERRED,NOT_STARTED
BFD-05-01-01-01,계약 목록조회,contract,REQ-CNTR-001,PB-008,QUERY,CON-001,,계약;업무대상,DEFERRED,NOT_STARTED
BFD-05-01-01-02,계약 상세조회,contract,REQ-CNTR-001,PB-008,QUERY,CON-001,,계약;업무대상,DEFERRED,NOT_STARTED
BFD-05-01-01-03,계약 직접등록,contract,REQ-CNTR-001,PB-008,COMMAND,CON-001,,계약;업무대상,DEFERRED,NOT_STARTED
BFD-05-01-01-04,수주계약 등록,contract,REQ-CNTR-001,PB-008,COMMAND,CON-001,,계약;업무대상,DEFERRED,NOT_STARTED
BFD-05-01-01-05,계약정보 수정,contract,REQ-CNTR-001,PB-008,COMMAND,CON-001,,계약;업무대상,DEFERRED,NOT_STARTED
BFD-05-01-01-06,계약상태 변경,contract,REQ-CNTR-001,PB-008,COMMAND,CON-001,,계약;업무대상,DEFERRED,NOT_STARTED
BFD-05-01-01-07,계약 삭제,contract,REQ-CNTR-001,PB-008,COMMAND,CON-001,,계약;업무대상,DEFERRED,NOT_STARTED
BFD-05-01-02-01,계약기관 조회,contract,REQ-CNTR-001,PB-008,QUERY,CON-001,,계약기관;계약,DEFERRED,NOT_STARTED
BFD-05-01-02-02,계약기관 등록,contract,REQ-CNTR-001,PB-008,COMMAND,CON-001,,계약기관;계약,DEFERRED,NOT_STARTED
BFD-05-01-02-03,계약기관 수정,contract,REQ-CNTR-001,PB-008,COMMAND,CON-001,,계약기관;계약,DEFERRED,NOT_STARTED
BFD-05-01-02-04,계약기관 삭제,contract,REQ-CNTR-001,PB-008,COMMAND,CON-001,,계약기관;계약,DEFERRED,NOT_STARTED
BFD-05-01-03-01,계약업체 조회,contract,REQ-CNTR-001,PB-008,QUERY,CON-001,,계약업체;계약,DEFERRED,NOT_STARTED
BFD-05-01-03-02,계약업체 등록,contract,REQ-CNTR-001,PB-008,COMMAND,CON-001,,계약업체;계약,DEFERRED,NOT_STARTED
BFD-05-01-03-03,계약업체 수정,contract,REQ-CNTR-001,PB-008,COMMAND,CON-001,,계약업체;계약,DEFERRED,NOT_STARTED
BFD-05-01-03-04,대표업체 지정,contract,REQ-CNTR-001,PB-008,COMMAND,CON-001,,계약업체;계약,DEFERRED,NOT_STARTED
BFD-05-01-03-05,계약업체 삭제,contract,REQ-CNTR-001,PB-008,COMMAND,CON-001,,계약업체;계약,DEFERRED,NOT_STARTED
BFD-05-01-04-01,계약문서 목록조회,contract,REQ-CNTR-003,PB-008,QUERY,CON-001,,계약문서;계약;첨부파일;업무대상,DEFERRED,NOT_STARTED
BFD-05-01-04-02,계약문서 PDF 등록,contract,REQ-CNTR-003,PB-008,COMMAND,CON-001,,계약문서;계약;첨부파일;업무대상,DEFERRED,NOT_STARTED
BFD-05-01-04-03,계약문서 PDF 조회,contract,REQ-CNTR-003,PB-008,QUERY,CON-001,,계약문서;계약;첨부파일;업무대상,DEFERRED,NOT_STARTED
BFD-05-01-04-04,계약문서 다운로드,contract,REQ-CNTR-003,PB-008,QUERY,CON-001,,계약문서;계약;첨부파일;업무대상,DEFERRED,NOT_STARTED
BFD-05-01-04-05,계약문서 정보수정,contract,REQ-CNTR-003,PB-008,COMMAND,CON-001,,계약문서;계약;첨부파일;업무대상,DEFERRED,NOT_STARTED
BFD-05-01-04-06,계약문서 PDF 교체,contract,REQ-CNTR-003,PB-008,COMMAND,CON-001,,계약문서;계약;첨부파일;업무대상,DEFERRED,NOT_STARTED
BFD-05-01-04-07,계약문서 삭제,contract,REQ-CNTR-003,PB-008,COMMAND,CON-001,,계약문서;계약;첨부파일;업무대상,DEFERRED,NOT_STARTED
BFD-05-01-05-01,계약변경이력 조회,contract,REQ-CNTR-002,PB-008,QUERY,CON-001,,계약변경이력;계약,DEFERRED,NOT_STARTED
BFD-05-01-05-02,계약변경 등록,contract,REQ-CNTR-002,PB-008,COMMAND,CON-001,,계약변경이력;계약,DEFERRED,NOT_STARTED
BFD-05-01-05-03,계약변경 상세조회,contract,REQ-CNTR-002,PB-008,QUERY,CON-001,,계약변경이력;계약,DEFERRED,NOT_STARTED
BFD-05-01-05-04,변경이력 자동생성,contract,REQ-CNTR-002,PB-008,COMMAND,CON-001,,계약변경이력;계약,DEFERRED,NOT_STARTED
BFD-05-01-06-01,프로젝트 생성대상 확인,contract,REQ-CNTR-004,PB-008,QUERY,CON-001,,프로젝트;계약,DEFERRED,NOT_STARTED
BFD-05-01-06-02,프로젝트 기준정보 입력,contract,REQ-CNTR-004,PB-008,COMMAND,CON-001,,프로젝트;계약,DEFERRED,NOT_STARTED
BFD-05-01-06-03,프로젝트 생성,contract,REQ-CNTR-004,PB-008,COMMAND,CON-001,,프로젝트;계약,DEFERRED,NOT_STARTED
BFD-05-01-06-04,생성 프로젝트 조회,contract,REQ-CNTR-004,PB-008,QUERY,CON-001,,프로젝트;계약,DEFERRED,NOT_STARTED
BFD-06-01-01-01,프로젝트 목록조회,project,REQ-PRJ-001,PB-005,QUERY,PRJ-001,,프로젝트;업무대상,DESIGN_PENDING,NOT_STARTED
BFD-06-01-01-02,프로젝트 상세조회,project,REQ-PRJ-001,PB-005,QUERY,PRJ-001,,프로젝트;업무대상,DESIGN_PENDING,NOT_STARTED
BFD-06-01-01-03,프로젝트 등록,project,REQ-PRJ-001,PB-005,COMMAND,PRJ-001,,프로젝트;업무대상,DESIGN_PENDING,NOT_STARTED
BFD-06-01-01-04,프로젝트 수정,project,REQ-PRJ-001,PB-005,COMMAND,PRJ-001,,프로젝트;업무대상,DESIGN_PENDING,NOT_STARTED
BFD-06-01-01-05,프로젝트 삭제,project,REQ-PRJ-001,PB-005,COMMAND,PRJ-001,,프로젝트;업무대상,DESIGN_PENDING,NOT_STARTED
BFD-06-01-02-01,프로젝트 상태변경,project,REQ-PRJ-001,PB-005,COMMAND,PRJ-001,,프로젝트;업무대상,DESIGN_PENDING,NOT_STARTED
BFD-06-01-02-02,프로젝트 기간연장,project,REQ-PRJ-001,PB-005,COMMAND,PRJ-001,,프로젝트;업무대상,DESIGN_PENDING,NOT_STARTED
BFD-07-01-01-01,인력 목록조회,employee,REQ-RES-001,PB-006,QUERY,RES-001,,인력;직원;외주인력,DESIGN_PENDING,NOT_STARTED
BFD-07-01-01-02,인력 상세조회,employee,REQ-RES-001,PB-006,QUERY,RES-001,,인력;직원;외주인력,DESIGN_PENDING,NOT_STARTED
BFD-07-01-01-03,인력 공통정보 등록,employee,REQ-RES-001,PB-006,COMMAND,RES-001,API-SYS-USER-002,인력;직원;외주인력,DESIGN_IN_PROGRESS,NOT_STARTED
BFD-07-01-01-04,인력 공통정보 수정,employee,REQ-RES-001,PB-006,COMMAND,RES-001,,인력;직원;외주인력,DESIGN_PENDING,NOT_STARTED
BFD-07-01-01-05,인력 삭제,employee,REQ-RES-001,PB-006,COMMAND,RES-001,,인력;직원;외주인력,DESIGN_PENDING,NOT_STARTED
BFD-07-01-02-01,직원 목록조회,employee,REQ-RES-001,PB-006,QUERY,RES-001,,인력;직원,DESIGN_PENDING,NOT_STARTED
BFD-07-01-02-02,직원 등록,employee,REQ-RES-001,PB-006,COMMAND,RES-001,API-SYS-USER-002,인력;직원,DESIGN_IN_PROGRESS,NOT_STARTED
BFD-07-01-02-03,직원 상세조회,employee,REQ-RES-001,PB-006,QUERY,RES-001,,인력;직원,DESIGN_PENDING,NOT_STARTED
BFD-07-01-02-04,직원정보 수정,employee,REQ-RES-001,PB-006,COMMAND,RES-001,,인력;직원,DESIGN_PENDING,NOT_STARTED
BFD-07-01-02-05,재직상태 변경,employee,REQ-RES-001,PB-006,COMMAND,RES-001,,인력;직원,DESIGN_PENDING,NOT_STARTED
BFD-07-01-02-06,사용자 연결상태 조회,employee,REQ-RES-001,PB-006,QUERY,RES-001,,인력;직원,DESIGN_PENDING,NOT_STARTED
BFD-07-01-03-01,근무경력 관리,employee,REQ-RES-002,PB-006,COMMAND,RES-001,,인력;인력근무경력;인력학력;인력교육;인력상훈;인력기술자격;인력기술경력;첨부파일,DESIGN_PENDING,NOT_STARTED
BFD-07-01-03-02,학력 관리,employee,REQ-RES-002,PB-006,COMMAND,RES-001,,인력;인력근무경력;인력학력;인력교육;인력상훈;인력기술자격;인력기술경력;첨부파일,DESIGN_PENDING,NOT_STARTED
BFD-07-01-03-03,교육이력 관리,employee,REQ-RES-002,PB-006,COMMAND,RES-001,,인력;인력근무경력;인력학력;인력교육;인력상훈;인력기술자격;인력기술경력;첨부파일,DESIGN_PENDING,NOT_STARTED
BFD-07-01-03-04,상훈이력 관리,employee,REQ-RES-002,PB-006,COMMAND,RES-001,,인력;인력근무경력;인력학력;인력교육;인력상훈;인력기술자격;인력기술경력;첨부파일,DESIGN_PENDING,NOT_STARTED
BFD-07-01-03-05,기술자격 관리,employee,REQ-RES-002,PB-006,COMMAND,RES-001,,인력;인력근무경력;인력학력;인력교육;인력상훈;인력기술자격;인력기술경력;첨부파일,DESIGN_PENDING,NOT_STARTED
BFD-07-01-03-06,기술경력 관리,employee,REQ-RES-002,PB-006,COMMAND,RES-001,,인력;인력근무경력;인력학력;인력교육;인력상훈;인력기술자격;인력기술경력;첨부파일,DESIGN_PENDING,NOT_STARTED
BFD-07-01-03-07,인력 첨부파일 관리,employee,REQ-RES-002,PB-006,COMMAND,RES-001,,인력;인력근무경력;인력학력;인력교육;인력상훈;인력기술자격;인력기술경력;첨부파일,DEFERRED,NOT_STARTED
BFD-07-03-01-01,인력단가 조회,employee,REQ-RES-003,PB-006,QUERY,RES-003,,인력단가;인력,DESIGN_PENDING,NOT_STARTED
BFD-07-03-01-02,인력단가 등록,employee,REQ-RES-003,PB-006,COMMAND,RES-003,,인력단가;인력,DESIGN_PENDING,NOT_STARTED
BFD-07-03-01-03,인력단가 수정,employee,REQ-RES-003,PB-006,COMMAND,RES-003,,인력단가;인력,DESIGN_PENDING,NOT_STARTED
BFD-07-03-01-04,인력단가 삭제,employee,REQ-RES-003,PB-006,COMMAND,RES-003,,인력단가;인력,DESIGN_PENDING,NOT_STARTED
BFD-07-03-01-05,단가이력 조회,employee,REQ-RES-003,PB-006,QUERY,RES-003,,인력단가;인력,DESIGN_PENDING,NOT_STARTED
BFD-07-04-01-01,프로젝트 투입인력 조회,employee,REQ-RES-004,PB-006,QUERY,RES-004,,인력투입;인력;프로젝트,DESIGN_PENDING,NOT_STARTED
BFD-07-04-01-02,인력 가용현황 조회,employee,REQ-RES-004,PB-006,QUERY,RES-004,,인력투입;인력;프로젝트,DESIGN_PENDING,NOT_STARTED
BFD-07-04-01-03,인력투입 등록,employee,REQ-RES-004,PB-006,COMMAND,RES-004,,인력투입;인력;프로젝트,DESIGN_PENDING,NOT_STARTED
BFD-07-04-01-04,인력투입 수정,employee,REQ-RES-004,PB-006,COMMAND,RES-004,,인력투입;인력;프로젝트,DESIGN_PENDING,NOT_STARTED
BFD-07-04-01-05,인력투입 종료,employee,REQ-RES-004,PB-006,COMMAND,RES-004,,인력투입;인력;프로젝트,DESIGN_PENDING,NOT_STARTED
BFD-07-04-01-06,인력투입 삭제,employee,REQ-RES-004,PB-006,COMMAND,RES-004,,인력투입;인력;프로젝트,DESIGN_PENDING,NOT_STARTED
BFD-07-05-01-01,월별 투입계획 조회,employee,REQ-RES-004,PB-006,QUERY,RES-005,,인력월별투입실적;인력투입,DESIGN_PENDING,NOT_STARTED
BFD-07-05-01-02,월별 투입계획 등록,employee,REQ-RES-004,PB-006,COMMAND,RES-005,,인력월별투입실적;인력투입,DESIGN_PENDING,NOT_STARTED
BFD-07-05-01-03,월별 투입계획 수정,employee,REQ-RES-004,PB-006,COMMAND,RES-005,,인력월별투입실적;인력투입,DESIGN_PENDING,NOT_STARTED
BFD-07-05-01-04,총투입률 검증,employee,REQ-RES-004,PB-006,QUERY,RES-005,,인력월별투입실적;인력투입,DESIGN_PENDING,NOT_STARTED
BFD-07-05-02-01,월별 투입실적 조회,employee,REQ-RES-004,PB-006,QUERY,RES-005,,인력월별투입실적;인력투입,DESIGN_PENDING,NOT_STARTED
BFD-07-05-02-02,월별 투입실적 등록,employee,REQ-RES-004,PB-006,COMMAND,RES-005,,인력월별투입실적;인력투입,DESIGN_PENDING,NOT_STARTED
BFD-07-05-02-03,월별 투입실적 수정,employee,REQ-RES-004,PB-006,COMMAND,RES-005,,인력월별투입실적;인력투입,DESIGN_PENDING,NOT_STARTED
BFD-07-05-02-04,투입실적 확정,employee,REQ-RES-004,PB-006,COMMAND,RES-005,,인력월별투입실적;인력투입,DESIGN_PENDING,NOT_STARTED
BFD-07-05-02-05,투입실적 확정취소,employee,REQ-RES-004,PB-006,COMMAND,RES-005,,인력월별투입실적;인력투입,DESIGN_PENDING,NOT_STARTED
BFD-07-05-02-06,총실적투입률 검증,employee,REQ-RES-004,PB-006,QUERY,RES-005,,인력월별투입실적;인력투입,DESIGN_PENDING,NOT_STARTED
BFD-07-06-01-01,협력업체 목록조회,employee,REQ-RES-001,PB-006,QUERY,RES-006,,협력업체,DESIGN_PENDING,NOT_STARTED
BFD-07-06-01-02,협력업체 등록,employee,REQ-RES-001,PB-006,COMMAND,RES-006,,협력업체,DESIGN_PENDING,NOT_STARTED
BFD-07-06-01-03,협력업체 상세조회,employee,REQ-RES-001,PB-006,QUERY,RES-006,,협력업체,DESIGN_PENDING,NOT_STARTED
BFD-07-06-01-04,협력업체 수정,employee,REQ-RES-001,PB-006,COMMAND,RES-006,,협력업체,DESIGN_PENDING,NOT_STARTED
BFD-07-06-01-05,협력업체 삭제,employee,REQ-RES-001,PB-006,COMMAND,RES-006,,협력업체,DESIGN_PENDING,NOT_STARTED
BFD-07-07-01-01,외주인력 목록조회,employee,REQ-RES-001,PB-006,QUERY,RES-007,,외주인력;인력;협력업체,DESIGN_PENDING,NOT_STARTED
BFD-07-07-01-02,외주인력 등록,employee,REQ-RES-001,PB-006,COMMAND,RES-007,,외주인력;인력;협력업체,DESIGN_PENDING,NOT_STARTED
BFD-07-07-01-03,외주인력 상세조회,employee,REQ-RES-001,PB-006,QUERY,RES-007,,외주인력;인력;협력업체,DESIGN_PENDING,NOT_STARTED
BFD-07-07-01-04,외주인력 수정,employee,REQ-RES-001,PB-006,COMMAND,RES-007,,외주인력;인력;협력업체,DESIGN_PENDING,NOT_STARTED
BFD-07-07-01-05,소속 협력업체 변경,employee,REQ-RES-001,PB-006,COMMAND,RES-007,,외주인력;인력;협력업체,DESIGN_PENDING,NOT_STARTED
BFD-07-07-01-06,외주인력 삭제,employee,REQ-RES-001,PB-006,COMMAND,RES-007,,외주인력;인력;협력업체,DESIGN_PENDING,NOT_STARTED
